id,tipo,subtipo,etapa,desarrollador,nombre,area_m2,unidades,estado,aÃ±o_asignacion,aÃ±o_entrega,propietario,observaciones,Pilar,Cuadrante,Monto Contrato 1,Referencia,Monto Contrato 2,Monto Contrato 3,Nombre2,Tipo 2,Adenda,Monto total,Adenda2,Adenda3,Adenda4,Adenda5,Año de titulación
01-01-01,Institucional,Planta de tratamiento,,CONSTRUCTORA BISONO S.A,Planta de Tratamiento de Aguas Residuales No. 2,34623.98, ,Terminado,1/1/2025,12/15/2025,,,Servicios Básicos,,"$91,200,876.19 ",VBCRD-CCC-LP-PTAR-2024-01,,,Planta de Tratamiento de Aguas Residuales PETAR ESTE. CJB,Mitigación y Consolidación ," 22,794,895.37 "," 113,995,771.56 ",,,,01-01-01,2016
01-01-02,Institucional,terminal de autobus,,,Terminal de Autobuses Omsa,13314.93, ,No Iniciado,,,,,Infraestructura y Movilidad,,  ,,,,,,,,,,,01-01-02,2022
01-01-03,Habitacional,Habitacional,,CONSTRUCTORA BISONO S.A,N/A,27055.42,384,No Iniciado, , ,,Adjudicado recientemente a Constructora Bisonó,Vivienda,,  ,,,,,,,,,,,01-01-03,2022
01-01-04,Habitacional,Habitacional,,CONSTRUCTORA BISONO S.A,Sembrador IX - X,34409.55,504,En Construcción, , ,,Proyecto en proceso de permisologia aprobado recientemente,Vivienda,,  ,,,,,,,,,,,01-01-04,2022
01-01-05,Habitacional,Habitacional,,CONSTRUCTORA BISONO S.A,Sembrador IX - X,34409.55,0,En Construcción, , ,,Proyecto en proceso de permisologia aprobado recientemente,Vivienda,,  ,,,,,,,,,,,01-01-05,2022
01-01-06,Comercial,Comercial,,,,32997.47, ,Disponible,,,, ,Economía,,  ,,,,,,,,,,,01-01-06,2022
01-01-07,Habitacional,Habitacional,,Promotora Pradera Verde,Singular,55781,944,En Construcción, , ,,,Vivienda,,  ,,,,,,,,,,,01-01-07,2022
01-01-08,Institucional,estacion de combustible,, ,Estación de Combustible,11654.43, ,Disponible, , ,, ,Economía,,  ,,,,,,,,,,,01-01-08,2022
01-01-09,Habitacional,Habitacional,,Construcciones Planificadas,Res La Marquesa II,23683.68,328,En Construcción, , ,,,Vivienda,,  ,,,,,,,,,,,01-01-09,2022
01-01-10,Comercial,Comercial,,,,22771.83, ,Disponible,,,, ,Economía,,  ,,,,,,,,,,,01-01-10,2022
01-02-01,Institucional,area verde,,,Plaza Deportiva y Recreativa Etapa 2,2074.88, ,En Construcción,1/1/2023,,,,Medio Ambiente,,  ,,,,,,,,,,,01-02-01,2016
01-02-02,Institucional,Seguridad,,,Destacamento Policial Tipo II,1636.19, ,Terminado,,1/1/2019,,,Seguridad,,  ,,,,,,,,,,,01-02-02,2016
01-02-03,Institucional,Seguridad,,,Estación de Bomberos Tipo I,2493.71, ,Terminado,,1/1/2019,,,Seguridad,,  ,,,,,,,,,,,01-02-03,2016
01-02-04,Habitacional,Habitacional,,RYZEK (Promotora Pradera Verde),Por Definir,80173.71,1176,No Iniciado, , ,,Reasignado a Promotora Pradera Verde(RIZEK),Vivienda,,  ,,,,,,,,,,,01-02-04,2016
01-02-05,Institucional,Pendiente,,,Funeraria CJB,2106.4, ,En Construcción,1/1/2025,4/1/2026,,,Servicios Básicos,,"$64,516,086.54 ",VBCRD-CCC-LP-FUNE-2024-01,,,Funeraria Ciudad Juan Bosch,Equipamiento Urbano,0," 64,516,086.54 ",,,,01-02-05,2016
01-02-06,Institucional,area verde,,,Cisterna de Agua No. 8,2279.93, ,Terminado,,1/1/2023,,alimenta de agua Habitat III y Sembrador II,Medio Ambiente,,  ,,,,,,,,,,,01-02-06,2016
01-02-07,Institucional,Hidrosanitario,,,Cisterna de Agua No. 7,0, ,Terminado,,1/1/2019,,,Servicios Básicos,,  ,,,,,,,,,,,01-02-07,2022
01-02-08,Habitacional,Habitacional,,Consorcio Ingasa-Risek,Habitad III,10000.56,144,En Construcción, , ,,,Vivienda,,  ,,,,,,,,,,,01-02-08,2016
01-02-09,Institucional,Instituto Educativo,,,Tanque de Agua No. 2,8764.62, ,En Construcción,1/1/2024,4/1/2026,,,Educación,,"$389,762,504.90 ",VBCRD-CCC-LP-PED-TAAP-2023-01,,, Deposito Regulador Vitrificado No.3 + Pedestal de Hormigon Armado en CJB. Calle Muchacha de la Guaira,Mitigación y Consolidación ,0," 389,762,504.90 ",,,,01-02-09,2022
01-03-01,Habitacional,Habitacional,,CONSTRUCTORA BISONO S.A,Sembrador III,141828.6,1776,Terminado, ,1/1/2023,,,Vivienda,,  ,,,,,,,,,,,01-03-01,2016
01-03-02,Institucional,Estancia infantil,,,CAIPI II,4099.86, ,Terminado,,1/1/2020,,,Educación,,  ,,,,,,,,,,,01-03-02,2016
01-03-03,Comercial,Comercial,,Adventista lote iglesia,Adventista lote iglesia,3160.08, ,Disponible,,,, ,Economía,,  ,,,,,,,,,,,01-03-03,2016
01-03-04,Comercial,Comercial,,San Remo Valores,Plaza Riu Mall  II,2108.62, ,Disponible,,,, ,Economía,,  ,,,,,,,,,,,01-03-04,2022
02-04-01,Habitacional,Habitacional,,Consorcio Mota-Engil Dominicana,Res. Las Flores,32965.38,504,Terminado, ,1/1/2020,,,Vivienda,,  ,,,,,,,,,,,02-04-01,2022
02-04-02,Habitacional,Habitacional,,CONSTRUCTORA BISONO S.A,Sembrador VII A & B,24233.85,0,Terminado, ,5/1/2025,,,Vivienda,,  ,,,,,,,,,,,02-04-02,2016
02-04-03,Habitacional,Habitacional,,CONSTRUCTORA BISONO S.A,Sembrador VII A & B,24233.85,328,Terminado, ,5/1/2025,,,Vivienda,,  ,,,,,,,,,,,02-04-03,2022
02-05-01,Institucional,Instituto Educativo,,,Politecnico La Mañosa,8363.04, ,En Construcción,1/1/2024,,,,Educación,,  ,,,,,,,,,,,02-05-01,2016
02-05-02,Institucional,Instituto Educativo,, , ,8147.27, ,Disponible, , ,, ,Educación,,  ,,,,,,,,,,,02-05-02,2016
02-05-03,Comercial,Comercial,,Hermanos Maldonados,Dumas Center III,557.89,9,Disponible,,,, ,Economía,,  ,,,,,,,,,,,02-05-03,2016
02-05-04,Institucional,Pendiente,, , ,1787.29, ,Disponible, , ,, ,,,  ,,,,,,,,,,,02-05-04,2016
02-06-01,Institucional,Instalación Deportiva,,,Parque Deportivo Algarrobo No. 22 Etapa 1,65344.7, ,En Construcción,1/1/2023,5/1/2026,,,Deportes y Recreación,,"$159,829,009.23 ",,61078740.85,154798979.1,Complejo Deportivo (Cancha de futbol de salón + Cancha de balonmano + Polideportivo techado (basket/volley/etc) + Play de softball y pequeñas ligas + Pista de ejercitacion y patinaje,Equipamiento Urbano," 39,950,860.16 "," 478,685,242.47 "," 14,933,752.14 "," 38,696,540.66 "," 9,397,360.34 ",02-06-01,2022
02-06-02,Institucional,Instituto Educativo,,,Parque de Educación Vial Infantil,8652.82, ,Terminado,,1/1/2020,,,Infraestructura y Movilidad,,  ,,,,,,,,,,,02-06-02,2016
02-06-03,Institucional,Seguridad,,,Oficinas DIGESETT,1325.77, ,No Iniciado,,,,,Seguridad,,  ,,,,,,,,,,,02-06-03,2022
02-06-04,Institucional,Seguridad,,,DNCD,752.18, ,Terminado,,1/1/2022,,,Seguridad,,  ,,,,,,,,,,,02-06-04,2016
02-06-05,Institucional,Instalación Deportiva,,,Oficina Administrativa Complejo Deportivo,2698.81, ,Disponible,,,,,Deportes y Recreación,,  ,,,,,,,,,,,02-06-05,2022
02-06-06,Institucional,Pendiente,,,Instalación Escolar,5422.58, ,No Iniciado,,,,,Deportes y Recreación,,  ,,,,,,,,,,,02-06-06,2022
02-06-07,Comercial,Comercial,,"Inversiones Reyes Caceres, SRL.",Plaza La Mañosa,1485.96,22,Disponible,,,, ,Economía,,  ,,,,,,,,,,,02-06-07,2022
02-06-08,Comercial,Comercial,,Constructora Nagir Ventura Srl,Plaza Bohío,2371.38,32,Disponible,,,, ,Economía,,  ,,,,,,,,,,,02-06-08,2016
02-06-09,Comercial,Comercial,,,,1689.72, ,Adjudicado,,,, ,Economía,,  ,,,,,,,,,,,02-06-09,2022
02-07-01,Habitacional,Habitacional,,Constructora OV,Res. 1909,31582.53,416,Terminado, ,9/1/2013,,,Vivienda,,  ,,,,,,,,,,,02-07-01,2016
02-07-02,Habitacional,Habitacional,,CONSTRUCTORA BISONO S.A,Sembrador VIII A & B,23527.56,0,Terminado, ,4/1/2025,,,Vivienda,,  ,,,,,,,,,,,02-07-02,2016
02-07-03,Habitacional,Habitacional,,CONSTRUCTORA BISONO S.A,Sembrador VIII A & B,23527.56,328,Terminado, ,5/1/2025,,,Vivienda,,  ,,,,,,,,,,,02-07-03,2022
03-08-01,Habitacional,Habitacional,,CONSTRUCTORA BISONO S.A,Sembrador II,71979.31,936,Terminado, ,4/1/2021,,,Vivienda,,  ,,,,,,,,,,,03-08-01,2016
03-08-02,Habitacional,Habitacional,,CONSTRUCTORA BISONO S.A,Sembrador II,71979.31,0,Terminado, ,4/1/2021,,,Vivienda,,  ,,,,,,,,,,,03-08-02,2016
03-08-03,Comercial,Comercial,,,,2317.26, ,En Construcción,1/1/2025,,,,Economía,,  ,,,,,,,,,,,03-08-03,2016
03-08-04,Comercial,Comercial,,,Adventista lote iglesia,1800.05, ,Disponible,,,, ,Economía,,  ,,,,,,,,,,,03-08-04,2016
03-08-05,Comercial,Comercial,,,Adventista lote iglesia,1534.08, ,Disponible,,,, ,Economía,,  ,,,,,,,,,,,03-08-05,2016
03-09-01,Habitacional,Habitacional,,Consorcio Rio Grande,Res. Rio Grande,29450.42,404,Terminado,,8/1/2021,,,Vivienda,,  ,,,,,,,,,,,03-09-01,2016
03-09-02,Habitacional,Habitacional,,Consorcio Conabesa Bello & Diaz,Res. 5ta Residence,16298.9,240,En Construcción,,,,,Vivienda,,  ,,,,,,,,,,,03-09-02,2016
03-09-03,Habitacional,Habitacional,,Constructora OV,Res. 1933,16088.72,208,Terminado,,11/1/2023,,,Vivienda,,  ,,,,,,,,,,,03-09-03,2016
03-09-04,Habitacional,Habitacional,,Consorcio Pequeño Burgues,Res. Pequeño Burgues,16721.11,248,Terminado,,2/1/2020,,,Vivienda,,  ,,,,,,,,,,,03-09-04,2016
03-09-05,Comercial,Comercial,,Constructora Quezbel,Camino Real Center,1412.79,24,En Construcción,,,, ,Economía,,  ,,,,,,,,,,,03-09-05,2022
03-09-06,Institucional,Centro de Salud,,,Centro de Atención Primaria,2041.14, ,No Iniciado,,,,,Educación,,  ,,,,,,,,,,,03-09-06,2022
03-09-07,Institucional,Instituto Educativo,,,Escuela Primaria Gabriela Mistral,9823, ,Terminado,,1/1/2018,,,Infraestructura y Movilidad,,  ,,,,,,,,,,,03-09-07,2016
03-09-08,Habitacional,Habitacional,,Consorcio Ingasa-Risek,Habitad II,9082.36,128,Terminado, ,5/1/2024,,,Vivienda,,  ,,,,,,,,,,,03-09-08,2016
03-09-09,Institucional,Telecomunicaciones,, , ,2257.3, ,Disponible,,,, ,Servicios Básicos,,  ,,,,,,,,,,,03-09-09,2016
04-11-01,Institucional,Pendiente,,,Lote Institucional,1977.53, ,Disponible,,,,,,,  ,,,,,,,,,,,04-11-01,2022
04-11-02,Institucional,Instituto Educativo,,,Centro Educativo,8656.36, ,No Iniciado,,,,,Educación,,  ,,,,,,,,,,,04-11-02,2022
04-11-03,Institucional,area verde,,,Área Verde No. 17,9146.64, ,No Iniciado,,,,,Medio Ambiente,,  ,,,,,,,,,,,04-11-03,2022
04-11-04,Comercial,Comercial,,,,5121.16, ,Disponible,,,, ,Economía,,  ,,,,,,,,,,,04-11-04,2022
04-11-05,Institucional,Instituto Educativo,,,Centro Educativo,8633.82, ,No Iniciado,,,,,Educación,,  ,,,,,,,,,,,04-11-05,2022
04-11-06,Comercial,Comercial,,,,667.04, ,Adjudicado,,,, ,Economía,,  ,,,,,,,,,,,04-11-06,2022
04-11-07,Institucional,Telecomunicaciones,, , ,412.31, ,Disponible,,,, ,Servicios Básicos,,  ,,,,,,,,,,,04-11-07,2022
04-12-01,Comercial,Comercial,,,,4364.19, ,Adjudicado,,,, ,Economía,,  ,,,,,,,,,,,04-12-01,2022
04-12-02,Institucional,area verde,,,Área Verde No. 18,7258.71, ,No Iniciado,,,,,Medio Ambiente,,  ,,,,,,,,,,,04-12-02,2022
04-12-04,Habitacional,Habitacional,,Grupo Inmobiliario Terrazas GIT,Terrazol I,14201,224,Terminado,,12/5/2025,, ,Vivienda,,  ,,,,,,,,,,,04-12-04,2022
04-12-05,Habitacional,Habitacional,,Constructora OV,Casa Coral,50815.58,752,No Iniciado, , ,,,Vivienda,,  ,,,,,,,,,,,04-12-05,2022
04-13-01,Institucional,area verde,,,Parque Ecológico Río Verde,134483.94, ,En Construcción,1/1/2024,12/1/2026,,,Medio Ambiente,,"$412,999,957.88 ",VBCRD-CCC-LP-PE-2024-01,,,Primera Etapa Parque Ecologico CJB,Equipamiento Urbano,," 412,999,957.88 ",,,,04-13-01,2022
04-13-03,Habitacional,Habitacional,,RJN-Proconstruccion,Terrazol II,44877.4,656,En Construcción, ,,,,Vivienda,,  ,,,,,,,,,,,04-13-03,2022
04-13-04,Institucional,Hidrosanitario,,,Planta de Tratamiento de Aguas No. 3,9188.96, ,En Construcción,1/1/2025,10/1/2026,,,Servicios Básicos,,"$208,673,762.38 ",BVCRD-CCC-LP-PTAR II-2024-01,,,Planta de Tratamiento de Aguas Residuales PETAR II. CJB,Mitigación y Consolidación ,," 208,673,762.38 ",,,,04-13-04,2022
04-15-01,Habitacional,Habitacional,,Consorcio Ingasa-Risek,Por definir,36633.45,600,No Iniciado,,,,,Vivienda,,  ,,,,,,,,,,,04-15-01,2022
04-16-01,Habitacional,Habitacional,,Constructora del Pais CODELPA,Palmera III,23704.06,336,Terminado, ,2/1/2023,,,,,  ,,,,,,,,,,,04-16-01,2016
04-39-01,Habitacional,Habitacional,,Consorcio Conabesa Bello & Diaz,Por definir,22719.85,352,No Iniciado, ,,,Proceso de aprobación de master plan,Vivienda,,  ,,,,,,,,,,,04-39-01,2022
04-39-02,Comercial,Comercial,,,,11310.92, ,Disponible,,,, ,Economía,,  ,,,,,,,,,,,04-39-02,2022
04-40-01,Habitacional,Habitacional,,Servinsco,Residencial Sol del Este,121447.47,1520,No Iniciado,,,,Proceso de aprobación de master plan,Vivienda,,  ,,,,,,,,,,,04-40-01,2022
04-40-02,Comercial,Comercial,,,,30029.1, ,Adjudicado,,,, ,Economía,,  ,,,,,,,,,,,04-40-02,2022
05-17-01,Institucional,Instituto Educativo,,,Liceo Francisco Alberto Caamaño Deño,9321.96, ,Terminado,,1/1/2020,,,Educación,,  ,,,,,,,,,,,05-17-01,2016
05-17-02,Comercial,Comercial,,San Remo Valores,Plaza Riu Mall  I,2167.66,60,Terminado,,4/1/2022,, ,Economía,,  ,,,,,,,,,,,05-17-02,2016
05-17-03,Habitacional,Habitacional,,Estrella,Res. Antares III,38656.58,528,Terminado,,4/1/2022,,,Vivienda,,  ,,,,,,,,,,,05-17-03,2016
05-17-04,Comercial,Comercial,,ARQGE ARQUITECTOS SRL,Bazar Center,1211.98,22,En Construcción,,,, ,Economía,,  ,,,,,,,,,,,05-17-04,2016
05-17-05,Habitacional,Habitacional,,Constructora del Pais CODELPA,Res. Palmera IV,47738.52,656,En Construcción, , ,,,Vivienda,,  ,,,,,,,,,,,05-17-05,2016
05-18-01,Habitacional,Habitacional,,Estrella,Res. Antares II,75736.18,1008,Terminado, ,7/1/2017,,,Vivienda,,  ,,,,,,,,,,,05-18-01,2016
05-18-02,Institucional,area verde,,,Cisterna de Agua,586.35, ,Terminado,,1/1/2021,,Pendiente Remozamiento,Medio Ambiente,,  ,,,,,,,,,,,05-18-02,2016
05-18-03,Institucional,Pendiente,,,Destacamento Militar CJB,599.9, ,En Construcción,1/1/2025,,,,Cultural,,  ,,,,,,,,,,,05-18-03,2016
05-18-04,Institucional,Centro de Salud,,,Centro Integral Para Aldultos Mayores,8446.96, ,Terminado,,1/1/2020,,,Salud,,  ,,,,,,,,,,,05-18-04,2016
05-18-05,Comercial,Comercial,,,,1188.1, ,Disponible,,,, ,Economía,,  ,,,,,,,,,,,05-18-05,2016
05-18-06,Institucional,area verde,,,Parque Deportivo-Recreativo No. 13,1000.25, ,Disponible,,,,Cancha de Tenis,Medio Ambiente,,  ,,,,,,,,,,,05-18-06,2016
05-18-07,Comercial,Comercial,,Construcciones Planificadas,La Marquesa Town Center 1,2145.84,89,Disponible,,,, ,Economía,,  ,,,,,,,,,,,05-18-07,2016
05-18-08,Comercial,Comercial,,Construcciones Planificadas,La Marquesa Town Center 1,2965.55,89,Terminado,,1/1/2022,, ,Economía,,  ,,,,,,,,,,,05-18-08,2016
05-19-01,Habitacional,Habitacional,,CONSTRUCTORA BISONO S.A,Sembrador IV,35073.2,464,Terminado, ,2/1/2019,,,Vivienda,,  ,,,,,,,,,,,05-19-01,2016
05-19-02,Comercial,Comercial,,Construcciones Planificadas,La Marquesa Town Center 2,2562,45,Terminado,,,, ,Economía,,  ,,,,,,,,,,,05-19-02,2016
05-19-03,Institucional,area verde,,,Parque Infantil No. 12,1184.08, ,Terminado,1/1/2025,1/1/2025,,,Recreacion,,"$7,080,690.68 ",VBCRD-CCC-LP-PI2024-01,,,Parque Infantil Ciudad Juan Bosch,Equipamiento Urbano,," 8,832,227.65 ","1,751,536.97",,,05-19-03,2016
05-19-04,Comercial,Comercial,,,Supermercado Olé,12955.31,13,Terminado,,1/1/2017,, ,Economía,,  ,,,,,,,,,,,05-19-04,2016
05-19-05,Comercial,Comercial,,,,8368.46, ,Disponible,,,, ,Economía,,  ,,,,,,,,,,,05-19-05,2016
05-19-06,Comercial,Comercial,,,,11617, ,Disponible,,,, ,Economía,,  ,,,,,,,,,,,05-19-06,2016
05-19-07,Habitacional,Habitacional,,CONSTRUCTORA BISONO S.A,Sembrador V,71506.36,704,Terminado, ,6/1/2020,,,Vivienda,,  ,,,,,,,,,,,05-19-07,2016
05-20-01,Habitacional,Habitacional,,Estrella,Res. Antares I,37793.15,640,Terminado, ,11/1/2017,,,Vivienda,,  ,,,,,,,,,,,05-20-01,2016
05-20-02,Comercial,Comercial,,,Testigo de Jehova,1200.18,1,Terminado,,1/1/2024,, ,Economía,,  ,,,,,,,,,,,05-20-02,2016
05-20-03,Institucional,Centro de Salud,,,Centro de Atención para Personas con Discapacidad,9353.24, ,Terminado,,1/1/2020,,,Salud,,  ,,,,,,,,,,,05-20-03,2016
05-20-04,Institucional,Centro de Salud,,,Hospital Ciudad Juan Bosch,6451.15, ,Terminado,,1/1/2018,,,Salud,,  ,,,,,,,,,,,05-20-04,2016
05-20-07,Institucional,Estancia infantil,,,CAIPI III,3656.77, ,Terminado,,1/1/2024,,,Educación,,  ,,,,,,,,,,,05-20-07,2016
05-20-08,Institucional,Instituto Educativo,,,Escuela Básica Prof. Juan Bosch,11138.23, ,Terminado,,1/1/2017,,,Educación,,  ,,,,,,,,,,,05-20-08,2016
06-25-01,Habitacional,Habitacional,,Constructora del Pais CODELPA,Ciudad Palmera I,29909.38,368,Terminado, ,1/1/2018,,,Vivienda,,  ,,,,,,,,,,,06-25-01,2016
06-25-02,Habitacional,Habitacional,,Constructora del Pais CODELPA,Ciudad Palmera II,30566.21,480,Terminado, ,8/1/2018,,,Vivienda,,  ,,,,,,,,,,,06-25-02,2016
06-25-03,Comercial,Comercial,,Ingenieros CP Arquitectos,Fragata Center,3500.27,37,En Construcción,,,, ,Economía,,  ,,,,,,,,,,,06-25-03,2016
06-25-04,Institucional,Pendiente,,,Lote Institucional,1050.11, ,Disponible,,,,Sin uso destinado,,,  ,,,,,,,,,,,06-25-04,2016
06-26-01,Habitacional,Habitacional,,Consorcio Dos Amigos,Res. Dos Amigos,99884.04,772,En Construcción,, ,,"Proyecto en ejecucion, hasta el momento se levantaron 656 viviendas ",Vivienda,,  ,,,,,,,,,,,06-26-01,2016
06-26-02,Institucional,Instituto Educativo,,,Politecnico Fray Balbino,8343.9, ,Terminado,,1/1/2020,,,Educación,,  ,,,,,,,,,,,06-26-02,2016
06-26-03,Institucional,area verde,,,Parque No. 5 (Cisterna),2275.46, ,Terminado,,1/1/2018,,Pendiente Remozamiento,Medio Ambiente,,  ,,,,,,,,,,,06-26-03,2016
06-26-04,Institucional,Pendiente,,,Sociedad Iglesia,2275.46, ,No Iniciado,,,,,Cultural,,  ,,,,,,,,,,,06-26-04,2016
07-30-01,Habitacional,Habitacional,,Tecnoamerica,Res. Rio Verde,17626.36,280,Terminado,,5/1/2018,,,Vivienda,,  ,,,,,,,,,,,07-30-01,2016
07-30-02,Habitacional,Habitacional,,Crisfer Inmobiliaria S.A.,Res. Crisfer,15860.48,240,Terminado,,3/1/2017,,,Vivienda,,  ,,,,,,,,,,,07-30-02,2016
07-30-03,Comercial,Comercial,, , ,900.22, ,Disponible,, ,, ,Economía,,  ,,,,,,,,,,,07-30-03,2016
07-30-04,Comercial,Comercial,,,Plaza Médica CJB,2018.2, ,Disponible,,,, ,Economía,,  ,,,,,,,,,,,07-30-04,2022
07-30-05,Comercial,Comercial,,,,675.65, ,Disponible,,,, ,Economía,,  ,,,,,,,,,,,07-30-05,2016
07-31-01,Habitacional,Habitacional,,Consorcio Pequeño Burgues,La Maravilla,59513.68,196,En Construcción,, ,,,Vivienda,,  ,,,,,,,,,,,07-31-01,2016
07-31-02,Habitacional,Habitacional,,CONSTRUCTORA BISONO S.A,Sembrador VI,59516.61,544,En Construcción,, ,,,Vivienda,,  ,,,,,,,,,,,07-31-02,2016
07-31-03,Institucional,Centro de Salud,,,Centro de Diagnóstico Médico,0, ,Terminado,,1/1/2023,,,Salud,,  ,,,,,,,,,,,07-31-03,2016
07-31-04,Institucional,area verde,,,Parque No. 3 (Cisterna),1049.93, ,Terminado,,1/1/2019,,Cisterna 5,Medio Ambiente,,  ,,,,,,,,,,,07-31-04,2016
07-31-05,Institucional,Instituto Educativo,,,Escuela Básica Orlando Martinez,8650.01, ,Terminado,,1/1/2025,,,Educación,,  ,,,,,,,,,,,07-31-05,2016
07-31-06,Institucional,area verde,,,Parque Deportivo No. 5,3058.15, ,Disponible,,,,,Medio Ambiente,,  ,,,,,,,,,,,07-31-06,2016
07-35-01,Habitacional,Habitacional,,Construcciones Planificadas,Res. La Marquesa I,18277.92,280,Terminado,,6/1/2013,,,Vivienda,,  ,,,,,,,,,,,07-35-01,2016
07-35-02,Comercial,Comercial,,,,8118.54, ,Disponible,,,, ,Economía,,  ,,,,,,,,,,,07-35-02,2016
07-35-03,Comercial,Comercial,,,,5337.05, ,Disponible,,,, ,Economía,,  ,,,,,,,,,,,07-35-03,2016
07-35-04,Institucional,Hidrosanitario,,,Tanque de Agua No. 1,3245.29, ,Terminado,,1/1/2018,,,Servicios Básicos,,  ,,,,,,,,,,,07-35-04,2016
07-35-05,Institucional,Seguridad,,,Destacamento Policial,1455.02, ,Terminado,,1/1/2017,,,Seguridad,,"$1,328,708.96 ",VBCRD-CM-2022-03,,,Construcción a la Terminación del Edificio donde se alojará la Fiscalía Cuidad Juan Bosch,Equipamiento Institucional,,,,,,07-35-05,2016
07-35-06,Institucional,area verde,,,Parque Infantil No. 4,4139.24, ,Disponible,,,,,Medio Ambiente,,  ,,,,,,,,,,,07-35-06,2016
07-35-07,Institucional,Seguridad,,,Estación de Bomberos Tipo II,2301.38, ,Terminado,,1/1/2017,,,Seguridad,,  ,,,,,,,,,,,07-35-07,2016
08-22-01,Habitacional,Habitacional,,CONSTRUCTORA BISONO S.A,Sembrador I,102140.77,1176,Terminado, ,1/1/2017,,,Vivienda,,  ,,,,,,,,,,,08-22-01,2016
08-22-02,Comercial,Comercial,,Hermanos Maldonados,Dumas Center II,988.63,58,Terminación,,1/1/2026,, ,Economía,,  ,,,,,,,,,,,08-22-02,2016
08-22-03,Institucional,area verde,,,Parque Infantil No. 7,1020.89, ,Disponible,,,,,Medio Ambiente,,  ,,,,,,,,,,,08-22-03,2016
08-22-04,Institucional,Instituto Educativo,,,Politecnico Evangelina Santos de Berges,8470.96, ,Terminado,,1/1/2023,,,Educación,,  ,,,,,,,,,,,08-22-04,2016
08-22-05,Institucional,area verde,,,Parque de Bolsillo La Gaviota,1050.63, ,Terminado,,1/1/2018,,,Medio Ambiente,,  ,,,,,,,,,,,08-22-05,2016
08-23-01,Habitacional,Habitacional,,Consorcio Antillano,La Gaviota,29073.46,320,Paralizado, , ,,Planos solicitados,Vivienda,,  ,,,,,,,,,,,08-23-01,2016
08-23-02,Habitacional,Habitacional,,Consorcio Futuro-Amina,Res. La Mañosa,31629.38,456,Terminado, ,5/1/2019,,,Vivienda,,  ,,,,,,,,,,,08-23-02,2016
08-23-03,Institucional,Pendiente,,,Lote Institucional,1049.93, ,Disponible,,,,Sin uso destinado,,,  ,,,,,,,,,,,08-23-03,2016
08-23-04,Comercial,Comercial,,Hermanos Maldonados,Dumas Center I,3500.17,29,Terminación,,1/1/2026,, ,Economía,,  ,,,,,,,,,,,08-23-04,2016
09-27-01,Habitacional,Habitacional,,"Consorcio AGK-SI , SRL",Camino Verde,86841.29,1200,En Construcción, , ,,,Vivienda,,  ,,,,,,,,,,,09-27-01,2016
09-27-02,Institucional,Estancia infantil,,,CAIPI I,3500.24, ,Terminado,,1/1/2018,,,Educación,,  ,,,,,,,,,,,09-27-02,2016
09-27-03,Institucional,Instituto Educativo,,,Escuela Básica Hermanas Mirabal,8564.53, ,Terminado,,1/1/2019,,,Educación,,  ,,,,,,,,,,,09-27-03,2016
09-28-01,Habitacional,Habitacional,,Consorcio Dominico Español,Res. Florazahar,17093.92,224,Terminado,,7/1/2017,,,Vivienda,,  ,,,,,,,,,,,09-28-01,2016
09-28-02,Habitacional,Habitacional,,"GTME DOMINICANA, S.A.S",Residencial Camino Real,15335.02,272,Paralizado,, ,,Cumple con los retiros y normativas establecidas,Vivienda,,  ,,,,,,,,,,,09-28-02,2016
09-28-03,Comercial,Comercial,,Consorcio Rio Grande,La Trinitaria,2099.87,24,Terminado,,1/1/2021,, ,Economía,,  ,,,,,,,,,,,09-28-03,2016
09-28-04,Institucional,Pendiente,,,Lote Institucional,1224.98, ,Disponible,,,,,,,  ,,,,,,,,,,,09-28-04,2016
09-28-05,Institucional,area verde,,,Parque Rosa de Bayahibe (Cisterna),1388.86, ,Terminado,,1/1/2020,,Cisterna 3,Medio Ambiente,,  ,,,,,,,,,,,09-28-05,2016
09-32-01,Habitacional,Habitacional,2-A,CONSORCIO INGASA - RIZEK,Habitat I ,18285.52,272,Terminado,,8/1/2021,, ,Vivienda,,  ,,,,,,,,,,,09-32-01,2016
09-32-02,Comercial,Comercial,,,,5629.41, ,Disponible,,,, ,Economía,,  ,,,,,,,,,,,09-32-02,2016
09-32-03,Institucional,Pendiente,,,Parque de ventas / Centro de Atención Primaria,12737.52, ,Terminado,,1/1/2020,,,Pendiente,,"$5,980,842.94 ",VBCRD-CM-LP-2023-02,,,Remodelación y Adecuación general Edificio Parque de Ventas Proyecto Ciudad Juan Bosch,Equipamiento Institucional,,,,,,09-32-03,2016
09-32-04,Comercial,Comercial,,,,5054.95, ,Disponible,,,, ,Economía,,  ,,,,,,,,,,,09-32-04,2016
09-32-05,Comercial,Comercial,,,,2387.99, ,Disponible,,,, ,Economía,,  ,,,,,,,,,,,09-32-05,2016
09-32-06,Institucional,Telecomunicaciones,, , ,432.02, ,Disponible,, ,, ,Servicios Básicos,,  ,,,,,,,,,,,09-32-06,2022
09-32-07,Institucional,Seguridad,,,Unidad del 911,0, ,No Iniciado,,,,,Seguridad,,  ,,,,,,,,,,,09-32-07,2016
10-36-01,Institucional,Zona Industrial,, , ,250000.46, ,Disponible,,,, ,Economía,,  ,,,,,,,,,,,10-36-01,2022
00-10-01,Institucional,Pendiente,,,Edificio Gubernamental VBC,5688.26, ,Disponible,,,,,Pendiente,,  ,,,,,,,,,,,00-10-01,2016
00-10-02,Comercial,Comercial,,Patio Capital Partners,Patio Bosch III,4733.34,37,En Construcción,,,, ,Economía,,  ,,,,,,,,,,,00-10-02,2016
00-10-03,Institucional,area verde,, ,Plaza Constitucion ,7794.11, ,Disponible,,3/1/2026,, ,Recreacion,,"$328,539,491.30 ",VBCRD-CCC-LP-PU-2022-01,,,"Construcción (Lote I), de la Plaza Urbana 20 de Diciembre Norte, en Ciudad Juan Bosch.",Equipamiento Urbano,," 328,539,491.30 ",,,,00-10-03,2022
00-10-04,Comercial,Comercial,,Patio Capital Partners,Patio Bosch II,9792.44,30,En Construcción,,,, ,Economía,,  ,,,,,,,,,,,00-10-04,2022
00-14-01,Institucional,Pendiente,,,Iglesia Católica,837.88, ,En Construcción,1/1/2025,,,,Cultural,,  ,,,,,,,,,,,00-14-01,2022
00-14-02,Comercial,Comercial,,Patio Capital Partners,Patio Bosch I,3410.29,14,En Construcción,,,, ,Economía,,  ,,,,,,,,,,,00-14-02,2022
00-14-03,Institucional,area verde,,,Plaza Constitución 1963 (Urbana),569.69, ,Terminación,1/1/2023,,,,Medio Ambiente,,  ,,,,,,,,,,,00-14-03,2022
00-14-04,Comercial,Comercial,,,,11462.88, ,Adjudicado,,,, ,Economía,,  ,,,,,,,,,,,00-14-04,2016
00-14-05,Comercial,Comercial,,,Terraza Park,9892.49, ,Adjudicado,,,, ,Economía,,  ,,,,,,,,,,,00-14-05,2016
00-14-06,Institucional,Pendiente,,,Edificio Gubernamental VBC,10429.79, ,Disponible,,,,,,,  ,,,,,,,,,,,00-14-06,2016
00-14-07,Comercial,Comercial,, , ,23378.77, ,Disponible, , ,, ,Economía,,  ,,,,,,,,,,,00-14-07,2016
00-21-01,Institucional,Instituto Educativo,,,INFOTEP,9937.95, ,Terminado,,1/1/2024,,,Educación,,"$21,679,813.57 ",VBCRD-CCC-LP-CCL-2022-01,,,"Terminación del Centro de Capacitación Laboral (INFOTEP), en Ciudad Juan Bosch",Equipamiento Institucional,,"$21,679,813.57 ",,,,00-21-01,2016
00-21-02,Institucional,Parqueo Publico,,,Estacionamiento Público No. 11,2364.62, ,No Iniciado,,1/1/2027,,,Medio Ambiente,,"$418,142,823.73 ",VBCRD-CCC-LP-PARQ-2025-02,,,Diseño y Construcción del Parqueo Público,Mitigación y Consolidación ,,,,,,00-21-02,2016
00-24-01,Institucional,Instalación Deportiva,,,Anfiteatro La Gaviota,19620.65, ,En Construcción,1/1/2023,2/12/2026,,,Cultural,,"$328,539,491.30 ",VBCRD-CCC-LP-PU-2022-01,,,"Construcción (Lote I), de la Plaza Urbana 20 de Diciembre Norte, en Ciudad Juan Bosch.",Equipamiento Urbano,," 328,539,491.30 ",,,,00-24-01,2016
00-24-02,Institucional,area verde,, , ,8495.48, ,Disponible, , ,, ,Medio Ambiente,,  ,,,,,,,,,,,00-24-02,2016
00-24-03,Institucional,area verde,, ,Plaza Anfiteatro La Gaviota ,10671.18,,Disponible, , ,, ,Medio Ambiente,,  ,,,,,,,,,,,00-24-03,2016
00-29-01,Institucional,Instituto Educativo,,,Parque Temático de Energías Renovables,23378.77, ,Terminado,,1/1/2019,,,Medio Ambiente,,  ,,,,,,,,,,,00-29-01,2016
00-33-01,Comercial,Comercial,,,,4255.13, ,Adjudicado,,,, ,Economía,,  ,,,,,,,,,,,00-33-01,2016
00-33-02,Institucional,area verde,, ,Plaza Camino Real ,1779.22, ,Disponible, ,12/1/2024,, ,Recreacion,,"$88,449,522.09 ",VBCRD-CCC-LP-PU-2022-01,,,"Construcción (Lote I), de la Plaza Urbana 20 de Diciembre Norte, en Ciudad Juan Bosch.",Equipamiento Urbano,,,,,,00-33-02,2016
00-33-03,Comercial,Comercial,,,,4234.68, ,Adjudicado,,,, ,Economía,,  ,,,,,,,,,,,00-33-03,2016
00-34-01,Institucional,area verde,, ,Plaza Camino Real ,1287.17, ,Terminado, ,1/1/2024,, ,Medio Ambiente,,  ,,,,,,,,,,,00-34-01,2016
00-34-02,Institucional,area verde,, ,Plaza Camino Real ,6883.2, ,Terminado, ,1/1/2024,, ,Medio Ambiente,,  ,,,,,,,,,,,00-34-02,2016
00-34-03,Institucional,area verde,,,Plaza Camino Real,1272.03, ,Terminado,,1/1/2024,,,Medio Ambiente,,  ,,,,,,,,,,,00-34-03,2016
00-34-04,Comercial,Comercial,,,,9658.4, ,Disponible,,,, ,Economía,,  ,,,,,,,,,,,00-34-04,2016
00-34-05,Comercial,Comercial,,,,9624.69, ,Disponible,,,, ,Economía,,  ,,,,,,,,,,,00-34-05,2016
03-09-11,Institucional,Telecomunicaciones,, , ,389.09, ,Disponible, , ,, ,Servicios Básicos,,  ,,,,,,,,,,,03-09-11,2022
03-09-10,Institucional,Telecomunicaciones,, , ,640.65, ,Disponible, , ,, ,Servicios Básicos,,  ,,,,,,,,,,,03-09-10,2022
03-08-06,Institucional,Telecomunicaciones,, , ,401.12, ,Disponible, , ,, ,Servicios Básicos,,  ,,,,,,,,,,,03-08-06,2022
02-06-10,Institucional,Telecomunicaciones,, , ,380, ,Disponible, , ,, ,Servicios Básicos,,  ,,,,,,,,,,,02-06-10,2022
01-00-00,Habitacional,Habitacional,,Constructora del Pais CODELPA,Residencial Palmera del Este V,,336,No Iniciado,,,,,Servicios Básicos,,  ,,,,,,,,,,,01-00-00,2022
15-01-01,Infraestructura,Víal,,,Avenida La Gaviota Tramo 1, ,,Terminado,,3/1/2020,,,Infraestructura y Movilidad,,  ,,,,,,,,,,,15-01-01,2022
15-01-02,Infraestructura,Víal,,,Calle Cayo Confites, ,,Terminado,,10/1/2025,,,Infraestructura y Movilidad,,  ,,,,,,,,,,,15-01-02,2022
15-01-03,Infraestructura,Víal,,,Calle Rey David, ,,Terminado,,1/15/2024,,,Infraestructura y Movilidad,,  ,,,,,,,,,,,15-01-03,2022
15-01-04,Infraestructura,Víal,,,Calle Dos Amigos, ,,Terminado,,1/15/2024,,,Infraestructura y Movilidad,,  ,,,,,,,,,,,15-01-04,2022
15-01-05,Infraestructura,Víal,,,Calle la muchacha de la Guaira, ,,Terminado,,10/1/2025,,,Infraestructura y Movilidad,,  ,,,,,,,,,,,15-01-05,2022
15-01-06,Infraestructura,Víal,,,Avenida El Sembrador, ,,Terminado,,1/1/2024,,,Infraestructura y Movilidad,,"$72,626,529.48 ",VBCRD-CCC-LP-2021-01,,,"Construcción Av. El Sembrador, tramo II (Desde la Ptar II hasta la Av. Mella), en Ciudad Juan Bosch (SDE)",Infraestructura Total,,"$72,626,529.48 ",,,,15-01-06,2022
15-01-07,Infraestructura,Víal,,,Calle Manuel Sicuri, ,,Terminado,,1/15/2024,,,Infraestructura y Movilidad,,  ,,,,,,,,,,,15-01-07,2022
15-01-08,Infraestructura,Víal,,,Paseo Rio Verde, ,,Terminado,,1/8/2025,,,Infraestructura y Movilidad,,  ,,,,,,,,,,,15-01-08,2022
15-01-09,Infraestructura,Víal,,,Calle Rio Verde, ,,Terminado,,1/8/2025,,,Infraestructura y Movilidad,,  ,,,,,,,,,,,15-01-09,2022
15-01-10,Infraestructura,Víal,,,Avenida Camino Real Oeste, ,,Terminado,,10/17/2019,,,Infraestructura y Movilidad,,  ,,,,,,,,,,,15-01-10,2022
15-01-11,Infraestructura,Víal,,,Calle Los Amos, ,,Terminado,,10/1/2025,,,Infraestructura y Movilidad,,  ,,,,,,,,,,,15-01-11,2022
15-01-12,Infraestructura,Víal,,,Calle Papa Juan, ,,Terminado,,1/8/2025,,,Infraestructura y Movilidad,,  ,,,,,,,,,,,15-01-12,2022
15-01-13,Infraestructura,Víal,,,Calle La Mancha Indeliable, ,,Terminado,,1/8/2025,,,Infraestructura y Movilidad,,  ,,,,,,,,,,,15-01-13,2022
15-01-14,Infraestructura,Víal,,,Calle Angela Gavino, ,,Terminado,,1/8/2025,,,Infraestructura y Movilidad,,  ,,,,,,,,,,,15-01-14,2022
15-01-15,Infraestructura,Víal,,,Calle Luis Pie, ,,Terminado,,,,,Infraestructura y Movilidad,,  ,,,,,,,,,,,15-01-15,2022
15-01-16,Infraestructura,Víal,,,Calle Carmen Quidiello De Bosch, ,,Terminado,,9/23/2019,,,Infraestructura y Movilidad,,  ,,,,,,,,,,,15-01-16,2022
15-01-17,Infraestructura,Víal,,,Boulevard La Mujer, ,,Terminado,,5/1/2019,,,Infraestructura y Movilidad,,  ,,,,,,,,,,,15-01-17,2022
15-01-18,Infraestructura,Víal,,,Calle Encarnacion Mendoza, ,,Terminado,,5/1/2019,,,Infraestructura y Movilidad,,  ,,,,,,,,,,,15-01-18,2022
15-01-19,Infraestructura,Víal,,,Boulevard el Oro y la Paz, ,,Terminado,,5/1/2019,,,Infraestructura y Movilidad,,  ,,,,,,,,,,,15-01-19,2022
15-01-20,Infraestructura,Víal,,,Calle La mañosa oeste, ,,Terminado,,10/17/2019,,,Infraestructura y Movilidad,,  ,,,,,,,,,,,15-01-20,2022
15-01-21,Infraestructura,Víal,,,Calle Fragata, ,,Terminado,,10/17/2019,,,Infraestructura y Movilidad,,  ,,,,,,,,,,,15-01-21,2022
15-01-22,Infraestructura,Víal,,,Calle Navidad Este, ,,Terminado,,3/31/2020,,,Infraestructura y Movilidad,,  ,,,,,,,,,,,15-01-22,2022
15-01-23,Infraestructura,Víal,,,Calle La Mañosa Este, ,,Terminado,,10/17/2019,,,Infraestructura y Movilidad,,  ,,,,,,,,,,,15-01-23,2022
15-01-24,Infraestructura,Víal,,,Calle Prof. Juan Bosch, ,,Terminado,,9/6/2016,,,Infraestructura y Movilidad,,  ,,,,,,,,,,,15-01-24,2022
15-01-25,Infraestructura,Víal,,,Calle La Vega, ,,Terminado,,1/8/2025,,,Infraestructura y Movilidad,,  ,,,,,,,,,,,15-01-25,2022
15-01-26,Infraestructura,Víal,,,Calle Navidad Este, ,,Terminado,,3/31/2020,,,Infraestructura y Movilidad,,  ,,,,,,,,,,,15-01-26,2022
15-01-27,Infraestructura,Víal,,,Avenida Camino Real Sur Este, ,,Terminado,,10/17/2019,,,Infraestructura y Movilidad,,  ,,,,,,,,,,,15-01-27,2022
15-01-28,Infraestructura,Víal,,,Avenida Camino Real Nor Oeste, ,,Terminado,,10/17/2019,,,Infraestructura y Movilidad,,  ,,,,,,,,,,,15-01-28,2022
15-01-29,Infraestructura,Víal,,,Avenida Camino Real Nor Este, ,,Terminado,,10/1/2025,,,Infraestructura y Movilidad,,  ,,,,,,,,,,,15-01-29,2022
15-01-30,Infraestructura,Víal,,,Avenida La Gaviota Tramo 2, ,,Terminado,,1/1/2025,,,,,  ,,,,,,,,,,,15-01-30,2022
15-01-31,Infraestructura,Víal,,,Calle Carmen Quidiello De Bosch Tramo 2, ,,Iniciado,,,,,,,  ,,,,,,,,,,,15-01-31,2022
01-00-00,,,,,,,,,,,,,,,"$48,744,505.32 ",VBCRD-CCC-LP-SV-2022-01,,,"Construcción del Sistema de Señalizacion Vial (Vertical y Horizontal), en la Red Vial de Ciudad Juan Bosch",Infraestructura Total,,"$48,744,505.32 ",,,,01-00-00,2022
01-00-00,,,,,,,,,,,,,,,"$241,851,807.34 ",VBCRD-CCC-LP-VCJB-2022-01,,,"Construcción del Lote I, de la Red Víal faltante, en Ciudad Juan Bosch.",Infraestructura Total,,"$241,851,807.34 ",,,,01-00-00,2022
01-00-00,,,,,,,,,,,,,,,"$111,604,318.60 ",VBCRD-CCC-LP-VCJB-2022-01,,,"Construcción del Lote II, de la Red Víal faltante, en Ciudad Juan Bosch.",Infraestructura Total,,"$111,604,318.60 ",,,,01-00-00,2022
01-00-00,,,,,,,,,,,,,,,"$16,268,293.80 ",VBCRD-CCC-LP-VCJB-2022-01,,,"Construcción del Lote III, de la Red Víal faltante, en Ciudad Juan Bosch.",Infraestructura Total,,"$16,268,293.80 ",,,,01-00-00,2022
01-00-00,,,,,,,,,,,,,,,"$2,998,218.74 ",VBCRD-CP-2023-05,,,"Construccion de un Sistema de By-PASS, Planta de Tratamiento Prado de La Caña.",Infraestructura Total,,"$2,998,218.74 ",,,,01-00-00,2022
01-00-00,,,,,,,,,,,,,,,"$4,064,118.07 ",VBCRD-CP-2023-04,,,Construccion 4 garitas de seguridad en diferentes puntos de acceso a CJB,Equipamiento Institucional,,,,,,01-00-00,2022
04-16-02,,,,,,"11,726.62",,,,,,,,,,,,,,,,,,,,04-16-02,2016
08-22-06,,,,,,"1,049.87",,,,,,,,,,,,,,,,,,,,08-22-06,2016
08-22-07,,,,,,"1,399.97",,,,,,,,,,,,,,,,,,,,08-22-07,2016
